index,round,phase,conversation_id,correct,cross_talk,terminal_type,error,wall_ms,input_tokens,output_tokens,reused_tokens,ttft_ms,end_to_end_ttft_ms,tpot_ms,decode_tps,total_ms
1,1,prime,stress-r1-0,True,False,done,,328.526,59,4,0,184.820458,290.1365,12.155111,82.269919,326.601833
2,1,prime,stress-r1-1,True,False,done,,300.593,58,4,0,181.019417,262.172542,12.081514,82.771083,298.417084
3,1,prime,stress-r1-2,True,False,done,,305.572,60,4,0,183.351375,268.169542,11.438389,87.424901,302.484708
4,1,prime,stress-r1-3,True,False,done,,290.957,59,4,0,178.885917,251.689792,12.602333,79.350385,289.496792
5,1,recall,stress-r1-0,True,False,done,,176.382,20,6,62,98.125792,105.594792,13.644342,73.290455,173.8165
6,1,recall,stress-r1-1,True,False,done,,153.428,20,5,61,96.883833,105.027167,11.431219,87.479736,150.752042
7,1,recall,stress-r1-2,True,False,done,,176.52,20,7,63,96.877,99.88525,11.998243,83.345537,171.874708
8,1,recall,stress-r1-3,True,False,done,,171.953,20,6,62,101.546709,108.23025,11.894458,84.072765,167.702542
9,1,recall,stress-r1-0,True,False,done,,179.288,20,6,87,102.935875,111.920959,12.73645,78.514814,175.603209
10,1,recall,stress-r1-1,True,False,done,,153.589,20,5,85,97.870625,105.413125,11.583177,86.3321,151.745833
11,1,recall,stress-r1-2,True,False,done,,178.821,20,7,89,96.371417,104.361042,12.004076,83.305035,176.3855
12,1,recall,stress-r1-3,True,False,done,,164.168,20,6,87,96.911417,103.209084,11.943867,83.724981,162.928417
13,1,recall,stress-r1-0,True,False,done,,166.982,20,6,112,101.227709,107.677625,11.560442,86.501886,165.479833
14,1,recall,stress-r1-1,True,False,done,,157.756,20,5,109,96.762709,108.986084,11.591302,86.271585,155.351292
15,1,recall,stress-r1-2,True,False,done,,178.693,20,7,115,98.828042,106.557209,11.397056,87.741961,174.939542
16,1,recall,stress-r1-3,True,False,done,,162.994,20,6,112,97.635708,103.831,11.251333,88.878355,160.087667
17,1,recall,stress-r1-0,True,False,done,,166.871,20,6,137,96.448875,104.10775,11.683642,85.589753,162.525958
18,1,recall,stress-r1-1,True,False,done,,153.132,20,5,133,95.38975,104.479541,11.602677,86.187005,150.89025
19,1,recall,stress-r1-2,True,False,done,,181.877,20,7,141,98.20125,104.354833,11.482771,87.086994,173.251458
20,1,recall,stress-r1-3,True,False,done,,165.645,20,6,137,98.042666,104.786208,11.683,85.594453,163.201208
21,2,prime,stress-r2-0,True,False,done,,298.749,59,4,0,178.896,261.239833,11.781778,84.876833,296.585167
22,2,prime,stress-r2-1,True,False,done,,316.28,58,4,0,180.988,277.165667,11.745417,85.139593,312.401917
23,2,prime,stress-r2-2,True,False,done,,298.832,60,4,0,179.555416,260.049166,12.009375,83.26828,296.077291
24,2,prime,stress-r2-3,True,False,done,,307.612,59,4,0,183.399542,264.933625,11.627583,86.002394,299.816375
25,2,recall,stress-r2-0,True,False,done,,168.258,20,6,62,95.272959,105.411375,11.944275,83.722118,165.13275
26,2,recall,stress-r2-1,True,False,done,,152.627,20,5,61,96.406959,104.0495,11.795656,84.77697,151.232125
27,2,recall,stress-r2-2,True,False,done,,175.635,20,7,63,96.021125,103.728417,11.445389,87.371431,172.40075
28,2,recall,stress-r2-3,True,False,done,,169.963,20,6,62,96.682042,104.209958,11.275892,88.684781,160.589417
29,2,recall,stress-r2-0,True,False,done,,164.185,20,6,87,96.029375,105.239334,11.108967,90.017374,160.784167
30,2,recall,stress-r2-1,True,False,done,,153.761,20,5,85,96.237167,102.13525,12.121594,82.497403,150.621625
31,2,recall,stress-r2-2,True,False,done,,176.51,20,7,89,96.563708,102.9375,11.638278,85.923365,172.767167
32,2,recall,stress-r2-3,True,False,done,,166.236,20,6,87,96.371458,104.163042,12.051783,82.975272,164.421959
33,2,recall,stress-r2-0,True,False,done,,181.947,20,6,112,96.938708,106.133791,11.587683,86.298526,164.072208
34,2,recall,stress-r2-1,True,False,done,,156.422,20,5,109,97.367625,104.67475,11.656115,85.791882,151.299208
35,2,recall,stress-r2-2,True,False,done,,176.092,20,7,115,97.601416,106.24175,11.04934,90.50314,172.537792
36,2,recall,stress-r2-3,True,False,done,,165.735,20,6,112,97.748417,105.945125,11.745008,85.142553,164.670167
37,2,recall,stress-r2-0,True,False,done,,170.783,20,6,137,101.21575,109.325833,11.865058,84.281085,168.651125
38,2,recall,stress-r2-1,True,False,done,,152.381,20,5,133,95.654334,103.816625,11.511646,86.868552,149.863208
39,2,recall,stress-r2-2,True,False,done,,194.086,20,7,141,97.994542,106.249292,13.786354,72.535493,188.967417
40,2,recall,stress-r2-3,True,False,done,,166.569,20,6,137,96.913375,105.033375,11.9178,83.908104,164.622375
41,3,prime,stress-r3-0,True,False,done,,316.189,59,4,0,185.168209,274.272417,12.5895,79.431272,312.040917
42,3,prime,stress-r3-1,True,False,done,,308.533,58,4,0,185.754042,270.912959,11.414181,87.610318,305.155501
43,3,prime,stress-r3-2,True,False,done,,305.297,60,4,0,182.756792,264.053042,12.590958,79.422072,301.825917
44,3,prime,stress-r3-3,True,False,done,,313.135,59,4,0,179.060542,275.645042,11.74625,85.133553,310.883792
45,3,recall,stress-r3-0,True,False,done,,168.628,20,6,62,95.0705,103.474042,11.872292,84.229737,162.8355
46,3,recall,stress-r3-1,True,False,done,,157.142,20,5,61,95.689167,100.812292,12.25,81.632653,149.812292
47,3,recall,stress-r3-2,True,False,done,,189.254,20,7,63,106.358417,114.189958,11.918326,83.904398,185.699916
48,3,recall,stress-r3-3,True,False,done,,167.097,20,6,62,94.119334,101.107209,12.209958,81.900362,162.157
49,3,recall,stress-r3-0,True,False,done,,158.757,20,6,87,94.9875,99.900042,11.290008,88.573893,156.350084
50,3,recall,stress-r3-1,True,False,done,,157.918,20,5,85,97.586084,108.392917,11.6235,86.032606,154.886917
51,3,recall,stress-r3-2,True,False,done,,184.012,20,7,89,97.580917,103.848833,13.144889,76.075196,182.718166
52,3,recall,stress-r3-3,True,False,done,,164.357,20,6,87,96.669751,103.960834,11.853392,84.36404,163.227792
53,3,recall,stress-r3-0,True,False,done,,166.049,20,6,112,95.42825,102.907458,12.149958,82.304809,163.65725
54,3,recall,stress-r3-1,True,False,done,,165.373,20,5,109,96.935417,106.176292,11.663167,85.740009,152.828958
55,3,recall,stress-r3-2,True,False,done,,181.514,20,7,115,97.59425,107.232667,11.511431,86.870177,176.30125
56,3,recall,stress-r3-3,True,False,done,,167.666,20,6,112,98.980042,106.001042,11.566975,86.453027,163.835917
57,3,recall,stress-r3-0,True,False,done,,165.049,20,6,137,95.876541,103.353125,11.773008,84.940057,162.218167
58,3,recall,stress-r3-1,True,False,done,,159.669,20,5,133,95.308834,103.42825,12.924844,77.370374,155.127625
59,3,recall,stress-r3-2,True,False,done,,175.933,20,7,141,96.624833,103.755208,11.507396,86.900635,172.799583
60,3,recall,stress-r3-3,True,False,done,,168.274,20,6,137,97.539917,105.564833,11.793542,84.79217,164.532542
61,4,prime,stress-r4-0,True,False,done,,308.205,59,4,0,184.909209,269.930792,11.76718,84.982126,305.232333
62,4,prime,stress-r4-1,True,False,done,,305.013,58,4,0,179.063042,269.759834,11.1335,89.819015,303.160334
63,4,prime,stress-r4-2,True,False,done,,313.091,60,4,0,180.663167,273.867833,11.693306,85.519016,308.94775
64,4,prime,stress-r4-3,True,False,done,,299.513,59,4,0,178.659625,262.173084,11.306653,88.443506,296.093042
65,4,recall,stress-r4-0,True,False,done,,172.704,20,6,62,94.555542,101.545333,12.45505,80.288718,163.820583
66,4,recall,stress-r4-1,True,False,done,,166.517,20,5,61,95.988375,104.614709,12.248979,81.639457,153.610625
67,4,recall,stress-r4-2,True,False,done,,186.917,20,7,63,95.979917,103.920542,11.796847,84.768412,174.701625
68,4,recall,stress-r4-3,True,False,done,,161.241,20,6,62,93.937584,101.315292,11.550942,86.573029,159.07
69,4,recall,stress-r4-0,True,False,done,,162.987,20,6,87,95.030166,103.710666,11.492892,87.010303,161.175125
70,4,recall,stress-r4-1,True,False,done,,158.183,20,5,85,96.599625,104.161375,11.474604,87.148975,150.059792
71,4,recall,stress-r4-2,True,False,done,,175.409,20,7,89,97.732,105.029791,11.329743,88.263254,173.00825
72,4,recall,stress-r4-3,True,False,done,,163.521,20,6,87,96.253459,103.437209,11.544775,86.619271,161.161084
73,4,recall,stress-r4-0,True,False,done,,165.731,20,6,112,95.473917,102.548,11.644092,85.880465,160.768458
74,4,recall,stress-r4-1,True,False,done,,165.192,20,5,109,97.3695,102.41475,14.042802,71.210859,158.585958
75,4,recall,stress-r4-2,True,False,done,,182.811,20,7,115,98.112542,107.05825,12.077542,82.798307,179.5235
76,4,recall,stress-r4-3,True,False,done,,167.59,20,6,112,98.913917,104.424667,11.682942,85.594881,162.839375
77,4,recall,stress-r4-0,True,False,done,,163.315,20,6,137,97.209334,105.065375,11.449725,87.338342,162.314
78,4,recall,stress-r4-1,True,False,done,,150.749,20,5,133,95.603083,104.000458,11.351813,88.091659,149.407708
79,4,recall,stress-r4-2,True,False,done,,177.503,20,7,141,96.854708,103.761375,11.741187,85.170261,174.2085
80,4,recall,stress-r4-3,True,False,done,,168.782,20,6,137,96.364542,98.841084,12.019817,83.195945,158.940167
81,5,prime,stress-r5-0,True,False,done,,302.752,59,4,0,179.822167,264.1815,11.970486,83.538797,300.092958
82,5,prime,stress-r5-1,True,False,done,,315.294,58,4,0,188.723958,274.934292,11.328431,88.27348,308.919584
83,5,prime,stress-r5-2,True,False,done,,315.282,60,4,0,181.052875,279.933625,11.260569,88.805456,313.715333
84,5,prime,stress-r5-3,True,False,done,,299.709,59,4,0,180.354167,263.080542,11.646153,85.865266,298.019
85,5,recall,stress-r5-0,True,False,done,,169.462,20,6,62,99.426,106.963542,12.359317,80.910623,168.760125
86,5,recall,stress-r5-1,True,False,done,,156.092,20,5,61,96.178,104.43625,12.003146,83.311492,152.448834
87,5,recall,stress-r5-2,True,False,done,,183.743,20,7,63,95.413667,103.511917,12.674472,78.898749,179.55875
88,5,recall,stress-r5-3,True,False,done,,160.153,20,6,62,94.553958,100.163,11.619667,86.060988,158.261334
89,5,recall,stress-r5-0,True,False,done,,167.532,20,6,87,95.076583,101.9235,11.820867,84.596167,161.027833
90,5,recall,stress-r5-1,True,False,done,,151.638,20,5,85,96.565,103.521834,11.420063,87.565195,149.202084
91,5,recall,stress-r5-2,True,False,done,,173.774,20,7,89,97.249958,102.635583,11.465222,87.220289,171.426917
92,5,recall,stress-r5-3,True,False,done,,166.395,20,6,87,96.392584,103.708751,11.37185,87.93644,160.568001
93,5,recall,stress-r5-0,True,False,done,,166.36,20,6,112,95.872041,97.851583,11.910292,83.960999,157.403042
94,5,recall,stress-r5-1,True,False,done,,158.381,20,5,109,97.396875,106.125291,11.412552,87.622819,151.7755
95,5,recall,stress-r5-2,True,False,done,,177.602,20,7,115,96.352833,103.276708,11.463326,87.234713,172.056667
96,5,recall,stress-r5-3,True,False,done,,169.283,20,6,112,96.701042,105.7995,11.256992,88.833679,162.084459
97,5,recall,stress-r5-0,True,False,done,,174.203,20,6,137,95.99125,103.821333,11.714075,85.367389,162.391708
98,5,recall,stress-r5-1,True,False,done,,165.489,20,5,133,95.446375,102.373375,15.170531,65.91727,163.0555
99,5,recall,stress-r5-2,True,False,done,,176.719,20,7,141,97.809625,104.713958,11.464055,87.229166,173.498291
100,5,recall,stress-r5-3,True,False,done,,175.129,20,6,137,96.729709,104.536001,12.524033,79.846483,167.156167
