timestamp_ms,rss_kb,hwm_kb,mem_available_kb,temp_mC
1789711632895,89696,122468,14927328,42538
1789711633949,91356,122468,14920264,42538
1789711634996,92464,122468,14919000,42538
1789711636037,92944,122468,14917236,42538
1789711637083,102096,127744,14895328,42538
1789711638122,102668,134604,14908692,41615
1789711639166,103240,134604,14906932,41615
1789711640208,103720,134604,14906176,41615
1789711641249,105920,136584,14887420,42538
1789711642286,102344,136584,14908204,41615
1789711643342,103072,136584,14906448,41615
1789711644381,103896,136584,14905692,42538
1789711645424,114140,136584,14872940,42538
1789711646480,102256,136584,14907196,42538
1789711647531,103244,136584,14905280,41615
1789711648573,103724,136584,14904776,42538
1789711649627,105864,136584,14877064,42538
1789711650690,102424,136668,14906588,42538
1789711651723,103148,136668,14905580,42538
1789711652781,103972,136668,14904824,42538
1789711653814,104372,136668,14904076,42538
