mode,sample,npu_core0_percent,npu_core1_percent,npu_core2_percent,max_temp_c
continuous_15fps,1,17,5,3,39.769
continuous_15fps,2,10,11,5,39.769
continuous_15fps,3,5,12,9,39.769
continuous_15fps,4,6,9,10,39.769
continuous_15fps,5,8,11,7,39.769
continuous_15fps,6,6,12,7,39.769
continuous_15fps,7,11,7,7,39.769
continuous_15fps,8,2,7,16,39.769
continuous_15fps,9,17,3,5,39.769
continuous_15fps,10,3,16,7,39.769
continuous_15fps,11,5,5,16,39.769
continuous_15fps,12,7,9,10,39.769
continuous_15fps,13,3,14,9,39.769
continuous_15fps,14,3,14,9,39.769
continuous_15fps,15,11,5,9,40.692
continuous_15fps,16,8,11,7,39.769
continuous_15fps,17,12,5,8,39.769
continuous_15fps,18,7,12,7,39.769
continuous_15fps,19,10,7,9,39.769
continuous_15fps,20,12,9,5,39.769
motion_gated_idle_1fps,1,0,0,1,39.769
motion_gated_idle_1fps,2,0,1,0,39.769
motion_gated_idle_1fps,3,1,0,0,39.769
motion_gated_idle_1fps,4,1,0,0,39.769
motion_gated_idle_1fps,5,0,1,0,39.769
motion_gated_idle_1fps,6,0,0,1,39.769
motion_gated_idle_1fps,7,0,1,0,39.769
motion_gated_idle_1fps,8,0,0,1,39.769
motion_gated_idle_1fps,9,1,0,0,39.769
motion_gated_idle_1fps,10,1,0,0,39.769
motion_gated_idle_1fps,11,0,0,1,39.769
motion_gated_idle_1fps,12,0,0,1,39.769
motion_gated_idle_1fps,13,0,0,1,39.769
motion_gated_idle_1fps,14,0,0,1,39.769
motion_gated_idle_1fps,15,1,0,0,39.769
motion_gated_idle_1fps,16,0,1,0,39.769
motion_gated_idle_1fps,17,0,1,0,38.846
motion_gated_idle_1fps,18,0,1,0,39.769
motion_gated_idle_1fps,19,0,1,0,39.769
motion_gated_idle_1fps,20,1,0,0,38.846
