scope,metric,count,mean,p50,p95,min,max,unit
all,successful_requests,360,360,360,360,360,360,requests
all,error_requests,360,0,0,0,0,0,requests
prime,ttft,24,178.914,178.535,179.776,178.106,184.152,ms
prime,end_to_end_ttft,24,267.641,262.859,294.522,248.907,296.959,ms
prime,tpot,24,11.042,10.939,11.262,10.795,13.211,ms/token
prime,decode_tps,24,90.699,91.416,92.480,75.696,92.636,token/s
recall,ttft,336,95.062,94.973,96.445,93.097,98.283,ms
recall,end_to_end_ttft,336,100.851,101.336,103.259,94.879,111.668,ms
recall,tpot,336,11.192,11.163,11.481,10.876,12.601,ms/token
recall,decode_tps,336,89.385,89.582,91.314,79.362,91.945,token/s
recall,reused_tokens,336,242.357,237.000,427.000,61.000,453.000,token
system,available_memory,1749,15275449.535,15275404.000,15278172.000,15262892.000,15280804.000,KiB
system,temperature,1749,34.415,34.230,35.153,34.230,37.923,C
system,inference_rss,1749,85748.858,85768.000,88760.000,81444.000,115912.000,KiB
system,vision_cpu,1749,27.230,27.171,32.893,0.000,37.427,percent_one_core
system,vision_rss,1749,71768.000,71768.000,71768.000,71768.000,71768.000,KiB
camera,cam0_frame_delta,1749,0,0,0,0,0,frames
camera,cam0_detection_delta,1749,0,0,0,0,0,inferences

